
REM ******** TABLA NOTAS_ALUMNOS: ***********

Drop table notas_alumnos cascade constraints;

create table notas_alumnos
 (
   NOMBRE_ALUMNO VARCHAR2(25) NOT NULL ,
   nota1 number(2),
   nota2 number(2),
   nota3 number(2)
 );
 
insert into NOTAS_ALUMNOS VALUES ('Alcalde García, M. Luisa',5,5,5);
insert into NOTAS_ALUMNOS VALUES ('Benito Martín, Luis',7,6,8);
insert into NOTAS_ALUMNOS VALUES ('Casas Martínez, Manuel',7,5,5);
insert into NOTAS_ALUMNOS VALUES ('Corregidor Sánchez, Ana',6,9,8);
insert into NOTAS_ALUMNOS VALUES ('Díaz Sánchez, María',NULL,NULL,7);
COMMIT;

REM ******** TABLA DEPART: ***********

DROP TABLE DEPART cascade constraints; 

CREATE TABLE DEPART (
 DEPT_NO  NUMBER(2) NOT NULL,
 DNOMBRE  VARCHAR2(14), 
 LOC      VARCHAR2(14) );

INSERT INTO DEPART VALUES (10,'CONTABILIDAD','SEVILLA');
INSERT INTO DEPART VALUES (20,'INVESTIGACIÓON','MADRID');
INSERT INTO DEPART VALUES (30,'VENTAS','BARCELONA');
INSERT INTO DEPART VALUES (40,'PRODUCCIÓN','BILBAO');
COMMIT;


REM ******** TABLA EMPLE: *************

ALTER SESSION SET NLS_DATE_FORMAT='DD/MM/YYYY';

DROP TABLE EMPLE cascade constraints; 

CREATE TABLE EMPLE (
 EMP_NO    NUMBER(4) NOT NULL,
 APELLIDO  VARCHAR2(10)  ,
 OFICIO    VARCHAR2(10)  ,
 DIR       NUMBER(4) ,
 FECHA_ALT DATE      ,
 SALARIO   NUMBER(10),
 COMISION  NUMBER(10),
 DEPT_NO   NUMBER(2) NOT NULL);

INSERT INTO EMPLE VALUES (7369,'SÁNCHEZ','EMPLEADO',7902,'17/12/1990',
                        104000,NULL,20);
INSERT INTO EMPLE VALUES (7499,'ARROYO','VENDEDOR',7698,'20/02/1990',
                        208000,39000,30);
INSERT INTO EMPLE VALUES (7521,'SALA','VENDEDOR',7698,'22/02/1991',
                        162500,65000,30);
INSERT INTO EMPLE VALUES (7566,'JIMÉNEZ','DIRECTOR',7839,'02/04/1991',
                        386750,NULL,20);
INSERT INTO EMPLE VALUES (7654,'MARTÍN','VENDEDOR',7698,'29/09/1991',
                        162500,182000,30);
INSERT INTO EMPLE VALUES (7698,'NEGRO','DIRECTOR',7839,'01/05/1991',
                        370500,NULL,30);
INSERT INTO EMPLE VALUES (7782,'CEREZO','DIRECTOR',7839,'09/06/1991',
                        318500,NULL,10);
INSERT INTO EMPLE VALUES (7788,'GIL','ANALISTA',7566,'09/11/1991',
                        390000,NULL,20);
INSERT INTO EMPLE VALUES (7839,'REY','PRESIDENTE',NULL,'17/11/1991',
                        650000,NULL,10);
INSERT INTO EMPLE VALUES (7844,'TOVAR','VENDEDOR',7698,'08/09/1991',
                        195000,0,30);
INSERT INTO EMPLE VALUES (7876,'ALONSO','EMPLEADO',7788,'23/09/1991',
                        143000,NULL,20);
INSERT INTO EMPLE VALUES (7900,'JIMENO','EMPLEADO',7698,'03/12/1991',
                        123500,NULL,30);
INSERT INTO EMPLE VALUES (7902,'FERNÁNDEZ','ANALISTA',7566,'03/12/1991',
                        390000,NULL,20);
INSERT INTO EMPLE VALUES (7934,'MUÑOZ','EMPLEADO',7782,'23/01/1992',
                        169000,NULL,10);

COMMIT;
