
DROP TABLE UNIVERSIDAD cascade constraints; 

CREATE TABLE UNIVERSIDAD (
 CODIGO   NUMBER(4) NOT NULL,
 TIPO  CHAR(1),
 NOMBRE VARCHAR2(30),
 DIRECCION VARCHAR2(26),
 TELEFONO VARCHAR2(10),
 NUM_PLAZAS NUMBER(4),
CONSTRAINT PK_UNIVERSIDAD PRIMARY KEY (CODIGO)
 );

INSERT INTO UNIVERSIDAD VALUES (10,'S','Sevilla', 
'Avda. Los Molinos 25', '965-887654',538);
INSERT INTO UNIVERSIDAD VALUES (15,'P','Huelva', 'C/Las Musas s/n',
'985-112322',250);
INSERT INTO UNIVERSIDAD VALUES (22,'S', 'Cadiz', 'C/Mina 45',
'925-443400',300);
INSERT INTO UNIVERSIDAD VALUES (45,'P', 'Granada', 'C/Granada 5',
'926-202310',220);
INSERT INTO UNIVERSIDAD VALUES (50,'S', 'Malaga', 'C/Los Toreros 21',
'989-406090',310);

DROP TABLE TRABAJADOR cascade constraints; 

CREATE TABLE TRABAJADOR (
 CODIGO  NUMBER(4),
 DNI NUMBER(10),
 NOMBRE VARCHAR2(30),
 FUNCION VARCHAR2(15),
 SALARIO NUMBER (10),
CONSTRAINT PK_TRABAJADOR PRIMARY KEY (DNI),
CONSTRAINT FK_TRA_UNI FOREIGN KEY (CODIGO) REFERENCES UNIVERSIDAD
);

INSERT INTO TRABAJADOR VALUES (10,1112345,'Martinez Salas, Fernando',
'PROFESOR', 2200);
INSERT INTO TRABAJADOR VALUES (10,4123005,'Bueno Zarco, Elisa', 
'PROFESOR', 2200);
INSERT INTO TRABAJADOR VALUES (10,4122025,'Montes Garcia, M.Pilar', 
'PROFESOR', 2200);
INSERT INTO TRABAJADOR VALUES (15,1112346,'Rivera Silvestre, Ana',
'PROFESOR', 2050);
INSERT INTO TRABAJADOR VALUES (15,9800990, 'Ramos Ruiz, Luis',
'PROFESOR', 2050);
INSERT INTO TRABAJADOR VALUES (15,8660990, 'De Lucas Fdez, M.Angel',
'PROFESOR', 2050);

INSERT INTO TRABAJADOR VALUES (22,7650000, 'Ruiz Lafuente, Manuel',
'PROFESOR', 2200);
INSERT INTO TRABAJADOR VALUES (45,43526789, 'Serrano Laguna, Maria',
'PROFESOR', 2050);
INSERT INTO TRABAJADOR VALUES (15,41526779, 'Romero Flores, Petra',
'PROFESOR', 2150);

INSERT INTO TRABAJADOR VALUES (10,4480099,'Ruano Cerezo, Manuel',
'ADMINISTRATIVO', 1800);
INSERT INTO TRABAJADOR VALUES (15,1002345,'Albarran Serrano, Alicia',
'ADMINISTRATIVO', 1800);
INSERT INTO TRABAJADOR VALUES (15,7002660,'Muñoz Rey, Felicia',
'ADMINISTRATIVO', 1800);
INSERT INTO TRABAJADOR VALUES (22,5502678,'Marin Marin, Pedro',
'ADMINISTRATIVO', 1800);
INSERT INTO TRABAJADOR VALUES (22,6600980, 'Peinado Gil, Elena',
'CONSERJE', 1750);
INSERT INTO TRABAJADOR VALUES (45,4163222, 'Sarro Molina, Carmen',
'CONSERJE', 1750);


DROP TABLE CATEDRATICO cascade constraints; 

CREATE TABLE catedratico (
 CODIGO   NUMBER(4) NOT NULL,
 DNI          NUMBER(10),
 CATEDRA VARCHAR2(16),
 NPROF NUMBER(2),
CONSTRAINT PK_CATEDRATICO PRIMARY KEY (DNI),
CONSTRAINT FK_CAT_TRAB FOREIGN KEY(DNI) REFERENCES TRABAJADOR,
CONSTRAINT FK_CAT_UNI FOREIGN KEY (CODIGO) REFERENCES UNIVERSIDAD 
);


INSERT INTO CATEDRATICO VALUES (10,1112345,'INFORMATICA', 20);
INSERT INTO CATEDRATICO VALUES (10,4123005,'MATEMATICA', 25);
INSERT INTO CATEDRATICO VALUES (10,4122025,'HISTORIA', 15);
INSERT INTO CATEDRATICO VALUES (15,9800990,'INFORMATICA', 22);
INSERT INTO CATEDRATICO VALUES (15,1112346,'HISTORIA', 12);
INSERT INTO CATEDRATICO VALUES (15,8660990,'FILOSOFIA', 21);
INSERT INTO CATEDRATICO VALUES (22,7650000, 'INFORMATICA', 15);
INSERT INTO CATEDRATICO VALUES (45,43526789,'INFORMATICA', 10);
commit;
