DROP TABLE COLEGIOS cascade constraints; 

CREATE TABLE COLEGIOS (
 CODIGO   NUMBER(4) NOT NULL,
 TIPO  CHAR(1) constraint tipo check(tipo in ('S','P')),
 NOMBRE VARCHAR2(30),
 DIRECCION VARCHAR2(26),
 TELEFONO VARCHAR2(10),
 NUM_PLAZAS NUMBER(4),
CONSTRAINT PK_COLEGIO PRIMARY KEY (CODIGO)
 );

INSERT INTO COLEGIOS VALUES (10,'S','IES El Quijote', 
'Avda. Los Molinos 25', '965-887654',538);
INSERT INTO COLEGIOS VALUES (15,'P','CP Los Danzantes', 'C/Las Musas s/n',
'985-112322',250);
INSERT INTO COLEGIOS VALUES (22,'S', 'IES Planeta Tierra', 'C/Mina 45',
'925-443400',300);
INSERT INTO COLEGIOS VALUES (45,'P', 'CP Manuel Hidalgo', 'C/Granada 5',
'926-202310',220);
INSERT INTO COLEGIOS VALUES (50,'S', 'IES Antoñete', 'C/Los Toreros 21',
'989-406090',310);

DROP TABLE PERSONAL cascade constraints; 

CREATE TABLE PERSONAL (
 CODIGO  NUMBER(4),
 DNI NUMBER(10),
 APELLIDOS VARCHAR2(30),
 FUNCION VARCHAR2(15),
 SALARIO NUMBER (10),
CONSTRAINT PK_PERSONAL PRIMARY KEY (DNI),
CONSTRAINT FK_PER_COL FOREIGN KEY (CODIGO) REFERENCES COLEGIOS
);

INSERT INTO PERSONAL VALUES (10,1112345,'Martinez Salas, Fernando',
'PROFESOR', 220000);
INSERT INTO PERSONAL VALUES (10,4123005,'Bueno Zarco, Elisa', 
'PROFESOR', 220000);
INSERT INTO PERSONAL VALUES (10,4122025,'Montes Garcia, M.Pilar', 
'PROFESOR', 220000);
INSERT INTO PERSONAL VALUES (15,1112346,'Rivera Silvestre, Ana',
'PROFESOR', 205000);
INSERT INTO PERSONAL VALUES (15,9800990, 'Ramos Ruiz, Luis',
'PROFESOR', 205000);
INSERT INTO PERSONAL VALUES (15,8660990, 'De Lucas Fdez, M.Angel',
'PROFESOR', 205000);

INSERT INTO PERSONAL VALUES (22,7650000, 'Ruiz Lafuente, Manuel',
'PROFESOR', 220000);
INSERT INTO PERSONAL VALUES (45,43526789, 'Serrano Laguna, Maria',
'PROFESOR', 205000);


INSERT INTO PERSONAL VALUES (10,4480099,'Ruano Cerezo, Manuel',
'ADMINISTRATIVO', 180000);
INSERT INTO PERSONAL VALUES (15,1002345,'Albarran Serrano, Alicia',
'ADMINISTRATIVO', 180000);
INSERT INTO PERSONAL VALUES (15,7002660,'Muñoz Rey, Felicia',
'ADMINISTRATIVO', 180000);
INSERT INTO PERSONAL VALUES (22,5502678,'Marin Marin, Pedro',
'ADMINISTRATIVO', 180000);
INSERT INTO PERSONAL VALUES (22,6600980, 'Peinado Gil, Elena',
'CONSERJE', 175000);
INSERT INTO PERSONAL VALUES (45,4163222, 'Sarro Molina, Carmen',
'CONSERJE', 175000);


DROP TABLE TUTORES cascade constraints; 

CREATE TABLE TUTORES (
 CODIGO   NUMBER(4) NOT NULL,
 DNI          NUMBER(10),
 CURSOS VARCHAR2(16),
 ALUMNOS NUMBER(2),
CONSTRAINT PK_TUTOR PRIMARY KEY (DNI),
CONSTRAINT FK_TUT_PER FOREIGN KEY(DNI) REFERENCES PERSONAL,
CONSTRAINT FK_TUT_COL FOREIGN KEY (CODIGO) REFERENCES COLEGIOS 
);


INSERT INTO TUTORES VALUES (10,1112345,'PRIMERO A', 20);
INSERT INTO TUTORES VALUES (10,4123005,'PRIMERO B', 25);
INSERT INTO TUTORES VALUES (10,4122025,'SEGUNDO A', 15);
INSERT INTO TUTORES VALUES (15,9800990,'TERCERO A', 22);
INSERT INTO TUTORES VALUES (15,1112346,'CUARTO B', 12);
INSERT INTO TUTORES VALUES (15,8660990,'CUARTO A', 21);
INSERT INTO TUTORES VALUES (22,7650000, 'CUARTO B', 15);
INSERT INTO TUTORES VALUES (45,43526789,'CUARTO B', 10);




