REM UPERSONA
INSERT INTO UPERSONA
VALUES('16161616A','Luis','Ramirez','Haro','Pez','34','941111111','1/1/69','1');
INSERT INTO UPERSONA 
VALUES('17171717A','Laura','Beltran','Madrid','Gran Via','23','912121212','8/8/74','0');
INSERT INTO UPERSONA
VALUES('18181818A','Pepe','Perez','Madrid','Percebe','13','913131313','2/2/80','1');
INSERT INTO UPERSONA
VALUES('19191919A','Juan','Sanchez','Bilbao','Melancolia','7','944141414','3/3/66','1');
INSERT INTO UPERSONA
VALUES('20202020A','Luis','Jimenez','Najera','Cigüena','15','941151515','3/3/79','1');
INSERT INTO UPERSONA
VALUES('21212121A','Rosa','Garcia','Haro','Alegria','16','941161616','4/4/78','0');
INSERT INTO UPERSONA
VALUES('23232323A','Jorge','Saenz','Logroño','Luis Ulloa','17','941171717','9/9/78','1');
INSERT INTO UPERSONA 
VALUES('24242424A','Maria','Gutierrez','Logroño','Avda. de la Paz','18','941181818','10/10/64','0');
INSERT INTO UPERSONA
VALUES('25252525A','Rosario','Diaz','Logroño','Percebe','19','941191919','11/11/71','0');
INSERT INTO UPERSONA
VALUES('26262626A','Elena','Gonzalez','Logroño','Percebe','20','941202020','5/5/75','0');
COMMIT;

REM UALUMNO
INSERT INTO UALUMNO VALUES('A010101','21212121A');
INSERT INTO UALUMNO VALUES('A020202','18181818A');
INSERT INTO UALUMNO VALUES('A030303','20202020A');
INSERT INTO UALUMNO VALUES('A040404','26262626A');
INSERT INTO UALUMNO VALUES('A121212','16161616A');
INSERT INTO UALUMNO VALUES('A131313','17171717A');
COMMIT;

REM UPROFESOR
INSERT INTO UPROFESOR VALUES('P101','19191919A');
INSERT INTO UPROFESOR VALUES('P117','25252525A');
INSERT INTO UPROFESOR VALUES('P203','23232323A');
INSERT INTO UPROFESOR VALUES('P204','26262626A');
INSERT INTO UPROFESOR VALUES('P304','24242424A');
COMMIT;

REM UTITULACION
INSERT INTO UTITULACION VALUES ('130110','Matematicas');
INSERT INTO UTITULACION VALUES ('150210','Quimicas');
INSERT INTO UTITULACION VALUES ('160000','Empresariales');
COMMIT;

REM UASIGNATURA
INSERT INTO UASIGNATURA VALUES ('000115','Seguridad vial',4.5,'1',30.00,'P204',NULL,'');
INSERT INTO UASIGNATURA VALUES ('130113','Progamacion I',9,'1',60.00,'P101','130110','1');
INSERT INTO UASIGNATURA VALUES ('130122','Analisis II',9,'2',60.00,'P203','130110','2');
INSERT INTO UASIGNATURA VALUES ('150212','Quimica Fisica',4.5,'2',70.00,'P304','150210','1');
INSERT INTO UASIGNATURA VALUES ('160002','Contabilidad',6,'1',70.00,'P117','160000','1');
COMMIT;


REM UALUMNO_UASIGNATURA
INSERT INTO UALUMNO_UASIGNATURA VALUES ('A010101','150212',1);
INSERT INTO UALUMNO_UASIGNATURA VALUES ('A020202','130113',1);
INSERT INTO UALUMNO_UASIGNATURA VALUES ('A020202','150212',2);
INSERT INTO UALUMNO_UASIGNATURA VALUES ('A030303','130113',3);
INSERT INTO UALUMNO_UASIGNATURA VALUES ('A030303','150212',1);
INSERT INTO UALUMNO_UASIGNATURA VALUES ('A030303','130122',2);
INSERT INTO UALUMNO_UASIGNATURA VALUES ('A040404','130122',1);
INSERT INTO UALUMNO_UASIGNATURA VALUES ('A121212','000115',1);
INSERT INTO UALUMNO_UASIGNATURA VALUES ('A131313','160002',4);
COMMIT;



